name,account_number,national_id,password
Adam Smith,500194995935,GHA-498444017-3,P@ssw0rd1
Brian Jones,128754511521,GHA-866424680-7,Secret12
Charles Lee,513681672537,GHA-179725372-0,MyPa55word
David Davis,302495359900,GHA-948153136-0,SecurePass8
Ethan Johnson,783841790256,GHA-975834492-8,1234Abcd
Frank Brown,156143202922,GHA-163601744-9,StrongP@ss
George Wilson,927097962385,GHA-248684620-7,1qazXSW@
Harry Miller,964823708927,GHA-395972870-4,Pass1234
lan Taylor,203612973036,GHA-923745782-0,SecurePa55
Jack Clark,843369396008,GHA-293306692-9,P@ssw0rd!
Kevin Green,818347120044,GHA-778875512-7,Abcd1234
Liam White,793889604327,GHA-150427176-9,Pa$$word1
Mark Martin,604146237463,GHA-987273578-0,12345Abc
Noah Thompson,398856731818,GHA-269805204-8,StrongP@ssword
Ryan Moore,463535747859,GHA-297459334-8,P@ssword123
Sean Lewis,716994050324,GHA-911141678-4,Qwerty123
Tyler Hall,631009119167,GHA-692295445-8,Pa$$w0rd
Zachary Baker,820360343390,GHA-776658364-8,1234567a
Aaron Young,557256277492,GHA-630705413-7,SecurePa$$
Blake Allen,590790734153,GHA-433491281-7,P@ssw0rd
Cody King,655547925617,GHA-543079014-3,MySecret1
Dylan Evans ,997272692583,GHA-905745080-9,1q2w3e4r
Evan Scott. ,653436310149,GHA-225386412-0,Pa$$w0rd123
Gavin Wright,434239397688,GHA-636316692-6,12qwaszx
Hunter Hill,390081004791,GHA-747787386-6,Abc12345
Jake Adams,432118225285,GHA-712559240-1,P@ss123
Kyle Nelson,291001086101,GHA-670083206-2,MyP@ssword
Lure Carter,721289064754,GHA-617939896-2,1234qwer
Mason Mitchell,146941657552,GHA-897304857-7,1Password!
Nathan Collins,411168484138,GHA-934572791-3,SecurePa55word
Oliver Roberts,962883426853,GHA-135241866-0,P@55word
Patrick Walker,264854423988,GHA-982816672-4,1234abcd
Riley Phillips,165668137271,GHA-835159986-8,Qwerty12
Seth Wood,976903305771,GHA-490979741-0,P@$$w0rd
Troy Coopere ,511166753264,GHA-772967067-4,Strong123
Wyatt Parker,487677223582,GHA-796763271-1,Pa$$word!
Alex Edwards,725581759229,GHA-625034752-1,Abcdef12
Ben Murphy,415296257944,GHA-861768657-4,1234P@ss
Cole Sanders,919007150413,GHA-850272845-2,Qwerty12!
Drew Morgan,191496235137,GHA-417140671-5,P@55w0rd
Finn Rogers. ,777391629233,GHA-286347125-7,1Qwerty!
Grayson Kelly,597978456495,GHA-693327043-1,Pa$$word1234
Isaac Stewart,732924439705,GHA-163214720-3,Qwerty!23
Jesse Campbell,819007193198,GHA-451423894-3,P@$$w0rd1
Kai James,303419073733,GHA-727032506-9,MyP@ssword1
Leo Watson,945564101545,GHA-173756323-5,SecureP@ssword
Max Ward,720559584080,GHA-901858975-6,P@ssw0rd1234
Sam Cox,674481042763,GHA-505044271-8,1234qwer!
Alice Smith,677081742042,GHA-426101312-4,1qaz2wsx
Brenda Jones,971228650418,GHA-203028306-6,P@ssw0rd!1
Carol Lee,224878486442,GHA-584879944-0,Pa$$w0rd123!
Donna Davis,200999093663,GHA-208015447-8,Qwerty!12345
Emily Johnson,226738131127,GHA-492881891-5,Secur3P@ssword!
Fiona Brown,397428176042,GHA-747493105-9,Abcd12345!
Grace Wilson,508707619111,GHA-594110698-5,MyP@ssword!123
Hannah Miller,915827303312,GHA-650727099-8,1234P@ssword!
Iris Taylor,558192019969,GHA-166949959-4,StrongP@ssw0rd!
Julia Clark,673762269947,GHA-875836604-9,P@55word123
Kelly Green,143074359921,GHA-486581405-1,1qazXSW@2!
Laura White,514345482023,GHA-335421028-3,Pa$$w0rd!12345
Mia Martin,824293856878,GHA-556826886-6,SecurePa$$w0rd!
Nicole Thompson,655796782638,GHA-212084857-4,1Password!123
Olivia Williams,526550560645,GHA-144950834-7,MyP@ssword12
Paige Anderson ,167294465959,GHA-845912138-3,Abcdef!12345
Rachel Moore,829226528984,GHA-172176828-9,P@ssword!123
Sarah Lewis,802695485932,GHA-524569283-4,Qwerty!123456
Tara Hall,919502248710,GHA-295815929-2,StrongP@ssword!
Zoe Baker,997740138256,GHA-323989498-6,Pa$$w0rd12345
Amy Young,433601419033,GHA-468555571-9,1qazXSW@!
Brooke Allen,775899186318,GHA-511665945-8,SecurePa$$w0rd123
Chloe King,166613384955,GHA-628912310-6,Pa$$word!12345
Daisy Evans,453490443194,GHA-272339844-0,Qwerty!1234
Ella Scott,185694590309,GHA-822025033-6,P@ssw0rd!12345
Faith Wright,402310260264,GHA-460331254-8,MySecretP@ssword!
Gina Hill,629311526211,GHA-906664686-7,1q2w3e4r!123
Ivy Adams,747166665950,GHA-758804088-5,Pa$$w0rd1234
Jade Nelson,670825563338,GHA-518806479-5,Abcd123!456
Kayla Carter,377896472721,GHA-592178505-9,P@ssw0rd!12
Leah Mitchell,294684150537,GHA-792553111-2,MyP@ssword!12
Maya Collins,154360426682,GHA-168779340-9,1234qwer!123
Nora Roberts,499122868773,GHA-187658901-0,Qwerty!1234567
Ruby Walker,403331015680,GHA-444515897-0,P@$$w0rd!1234
Stella Phillips,373021581910,GHA-778141530-5,StrongP@ss!123
Tina Wood,148622184731,GHA-410611524-4,Pa$$word!1234
Wendy Cooper,928334609932,GHA-421203616-8,Abcdef!1234
Zoe Parker,788228322265,GHA-735043183-0,1234P@ssword!
Anna Edwards,803853906688,GHA-541585094-1,Qwerty!12345678
Bella Murphy,128458313664,GHA-914560055-0,P@55word!123
Claire Sanders,675077943375,GHA-694084023-3,1234P@ss!word
Daisy Morgan,667405598901,GHA-738933059-4,Qwerty!12345
Emma Rogers,717961071114,GHA-866155930-1,P@$$w0rd!12345
Grace Kelly,522755044207,GHA-511955315-6,1Qwerty!123
Isla Stewart,287781449844,GHA-756243901-7,Pa$$word!12345
Jessica Campbell,787641620735,GHA-616004860-0,Qwerty!123456789
Katie James,322829350613,GHA-901230323-3,P@$$w0rd!123456
Lily Watson,531426486368,GHA-256786939-5,MyP@ssword!1234
Mia Ward,635754333456,GHA-958603204-3,SecureP@ss!123
Olivia Cox,858605437725,GHA-557826314-7,P@ssw0rd!123456
Lazarus King,137366846618,GHA-662472534-5,1qaz2wsx!123
Emmanuel Frimpong,626482320971,GHA-770274610-7,P@ssw0rd!1234567
